#{"t_start": 1627973553.728146, "env_id": "SlimeVolley-v0"}
r,l,t
-4,902,1.570193
-5,432,2.000901
-5,518,2.532927
-5,385,2.923374
-5,690,3.670386
-5,528,4.245327
-5,555,4.838675
-5,665,5.523307
-5,496,6.036061
-5,691,6.795774
